{
  "best_time_sessions": {
    "mean": {
      "ASIA_MAIN": -7.451640903021925,
      "TRANSITION": 4.3517841730334395
    },
    "count": {
      "ASIA_MAIN": 631,
      "TRANSITION": 369
    },
    "std": {
      "ASIA_MAIN": 19.480518669828612,
      "TRANSITION": 21.07519605219927
    }
  },
  "symbol_performance": {
    "mean": {
      "1INCHUSDT": 7.41940134636069,
      "ADAUSDT": -7.408657320422199,
      "ALPHAUSDT": 5.013783597519026,
      "AVAXUSDT": -5.31546577993225,
      "AXSUSDT": 8.628389237769877,
      "BCHUSDT": -3.3680544988997796,
      "BNBUSDT": 10.716547748762517,
      "BTCUSDT": -10.899741588745858,
      "CHZUSDT": 11.361660193611689,
      "DOGEUSDT": -9.774095596122415,
      "DOTUSDT": -9.530642346080068,
      "ETHUSDT": 8.564086296834015,
      "FLOWUSDT": 2.801575706419515,
      "GALAUSDT": -7.751834840412724,
      "GMTUSDT": 6.7268313474045645,
      "IMXUSDT": -29.070820503532087,
      "JUPUSDT": 7.91407574901081,
      "LINKUSDT": -5.89091265216152,
      "LTCUSDT": -2.9866737658834857,
      "MANAUSDT": -60.9137055837564,
      "MKRUSDT": -65.26383943023643,
      "SNXUSDT": -24.725274725274748,
      "SUIUSDT": 15.038473916732533,
      "SUSHIUSDT": -9.358128255295673,
      "THETAUSDT": -9.353574371702265,
      "XRPUSDT": 6.822860640894094
    },
    "count": {
      "1INCHUSDT": 37,
      "ADAUSDT": 111,
      "ALPHAUSDT": 40,
      "AVAXUSDT": 24,
      "AXSUSDT": 49,
      "BCHUSDT": 30,
      "BNBUSDT": 24,
      "BTCUSDT": 18,
      "CHZUSDT": 13,
      "DOGEUSDT": 99,
      "DOTUSDT": 18,
      "ETHUSDT": 31,
      "FLOWUSDT": 119,
      "GALAUSDT": 24,
      "GMTUSDT": 26,
      "IMXUSDT": 12,
      "JUPUSDT": 12,
      "LINKUSDT": 93,
      "LTCUSDT": 31,
      "MANAUSDT": 6,
      "MKRUSDT": 6,
      "SNXUSDT": 12,
      "SUIUSDT": 12,
      "SUSHIUSDT": 24,
      "THETAUSDT": 92,
      "XRPUSDT": 37
    },
    "std": {
      "1INCHUSDT": 5.928579994952078,
      "ADAUSDT": 14.306131967448945,
      "ALPHAUSDT": 9.83106187677818,
      "AVAXUSDT": 27.62475668531665,
      "AXSUSDT": 8.242195829873172,
      "BCHUSDT": 30.662935845330377,
      "BNBUSDT": 10.95978291493684,
      "BTCUSDT": 31.990519536008506,
      "CHZUSDT": 10.948369711045387,
      "DOGEUSDT": 17.0065117862343,
      "DOTUSDT": 40.95878794098485,
      "ETHUSDT": 10.955655837538028,
      "FLOWUSDT": 12.423693030039118,
      "GALAUSDT": 28.06961862665471,
      "GMTUSDT": 6.952434066663453,
      "IMXUSDT": 30.363481739782227,
      "JUPUSDT": 8.265982532661814,
      "LINKUSDT": 14.880433585073328,
      "LTCUSDT": 30.737326012734904,
      "MANAUSDT": 0.0,
      "MKRUSDT": 0.0,
      "SNXUSDT": 25.82470720221893,
      "SUIUSDT": 15.707173731454208,
      "SUSHIUSDT": 36.32566732414288,
      "THETAUSDT": 16.49896379213063,
      "XRPUSDT": 9.298477084895941
    }
  },
  "indicator_effectiveness": {
    "signal_strength": 0.5953498218503853,
    "rsi_value": NaN,
    "volume_ratio": NaN,
    "profit_loss": 1.0
  },
  "risk_patterns": {}
}